Div,Date,HomeTeam,AwayTeam,FTHG,FTAG,FTR,HTHG,HTAG,HTR,B365H,B365D,B365A,BWH,BWD,BWA,IWH,IWD,IWA,LBH,LBD,LBA,PSH,PSD,PSA,WHH,WHD,WHA,VCH,VCD,VCA,Bb1X2,BbMxH,BbAvH,BbMxD,BbAvD,BbMxA,BbAvA,BbOU,BbMx>2.5,BbAv>2.5,BbMx<2.5,BbAv<2.5,BbAH,BbAHh,BbMxAHH,BbAvAHH,BbMxAHA,BbAvAHA,PSCH,PSCD,PSCA
P1,06/08/17,Aves,Sp Lisbon,0,2,A,0,1,A,9,4.2,1.4,7.5,4.5,1.4,7,4,1.45,8,4.2,1.4,9.37,4.7,1.42,7,3.8,1.44,9,4.4,1.4,37,9.37,7.89,4.7,4.28,1.45,1.41,37,2.05,1.95,1.9,1.83,16,1.25,1.92,1.86,2.04,1.99,7.54,4.6,1.48
P1,06/08/17,Setubal,Moreirense,1,1,D,1,0,H,2.5,3,3,2.45,3,3,2.5,3.1,2.8,2.37,2.87,3.1,2.48,3.12,3.32,2.5,2.88,3,2.5,3,3.13,33,2.5,2.43,3.12,2.98,3.32,3.05,30,2.72,2.55,1.51,1.48,11,-0.25,2.12,2.07,1.84,1.79,2.23,3.2,3.81
P1,07/08/17,Feirense,Tondela,1,1,D,0,1,A,2.2,3.2,3.4,2,3.25,3.8,2.3,3.1,3.1,2.2,3,3.3,2.32,3.29,3.45,2.2,3.1,3.3,2.25,3.2,3.4,39,2.32,2.22,3.29,3.11,3.8,3.34,34,2.5,2.35,1.63,1.56,16,-0.25,1.99,1.94,1.95,1.9,2.35,3.02,3.72
P1,07/08/17,Portimonense,Boavista,2,1,H,0,1,A,2.4,2.9,3.25,2.4,3,3.1,2.5,3.1,2.8,2.4,2.9,3.1,2.5,3.13,3.28,2.38,2.9,3.2,2.45,3,3.2,38,2.5,2.42,3.13,2.98,3.28,3.09,33,2.7,2.57,1.51,1.47,15,-0.25,2.13,2.08,1.83,1.78,2.61,2.98,3.26
P1,07/08/17,Rio Ave,Belenenses,1,0,H,1,0,H,1.91,3.4,4,1.87,3.3,4.4,1.85,3.4,4.1,1.87,3.2,4.33,1.88,3.45,4.87,1.91,3.1,4.33,1.87,3.4,4.5,38,2,1.89,3.45,3.25,4.87,4.32,33,2.42,2.31,1.61,1.57,16,-0.5,1.93,1.88,2.02,1.96,1.81,3.49,5.25
P1,08/08/17,Maritimo,Pacos Ferreira,1,0,H,0,0,D,2,3.2,4,1.9,3.4,4,1.95,3.25,3.85,1.95,3.1,3.9,2.01,3.31,4.45,1.95,3.2,4,2,3.25,4.2,37,2.05,1.98,3.4,3.21,4.45,3.96,33,2.43,2.3,1.63,1.57,14,-0.5,2.02,1.98,1.92,1.86,2.08,3.32,4.11
P1,09/08/17,Benfica,Sp Braga,3,1,H,2,1,H,1.36,4.75,8.5,1.28,5.25,9.75,1.35,4.7,7.9,1.33,4.6,9.5,1.35,5.11,10.92,1.33,4.6,9,1.33,5,10,37,1.37,1.33,5.25,4.81,10.97,9.36,35,1.81,1.73,2.15,2.05,15,-1.5,2.07,2.01,1.87,1.83,1.39,5.09,9.33
P1,09/08/17,Porto,Estoril,4,0,H,1,0,H,1.18,6.5,15,1.18,6.5,14.5,1.2,4.8,13,1.18,6,17,1.21,7.04,18.39,1.18,6,15,1.18,6.5,19,37,1.23,1.18,7.04,6.39,19.05,15.37,31,1.62,1.58,2.43,2.3,13,-2,2.09,2.02,1.9,1.82,1.17,8.25,21
P1,10/08/17,Guimaraes,Chaves,3,2,H,2,0,H,1.65,3.6,5.5,1.62,3.8,5.25,1.7,3.5,4.85,1.61,3.5,5.25,1.65,3.78,6.47,1.62,3.6,5.5,1.67,3.6,5.75,37,1.7,1.63,3.8,3.58,6.47,5.59,35,2.2,2.08,1.78,1.71,12,-0.75,1.92,1.85,2.04,1.97,2.13,3.44,3.77
P1,11/08/17,Sp Lisbon,Setubal,1,0,H,0,0,D,1.2,6.5,13,1.2,6.25,13,1.2,5.8,13,1.2,5.8,15,1.22,6.99,16,1.22,5.5,13,1.22,6.25,13,40,1.23,1.21,6.99,6.08,18.57,13.92,35,1.66,1.61,2.39,2.27,17,-1.75,1.95,1.91,1.99,1.95,1.24,6.52,15.05
P1,12/08/17,Belenenses,Maritimo,1,0,H,0,0,D,2.4,3,3.2,2.3,2.9,3.4,2.5,3.1,2.8,2.37,2.9,3,2.47,3.25,3.2,2.5,3,2.88,2.45,3,3.2,41,2.55,2.43,3.25,3.02,3.4,3.04,34,2.5,2.41,1.58,1.53,17,-0.25,2.18,2.08,1.84,1.79,2.21,3.12,3.96
P1,12/08/17,Boavista,Rio Ave,1,2,A,0,1,A,3,3,2.5,3,2.9,2.55,2.8,3.1,2.5,2.9,2.87,2.55,3.05,3.12,2.66,2.9,3,2.5,3,3,2.63,41,3.07,2.93,3.12,2.97,2.66,2.55,34,2.74,2.57,1.53,1.47,19,0,2.1,2.03,1.85,1.81,2.89,3.15,2.76
P1,12/08/17,Moreirense,Feirense,0,0,D,0,0,D,2.4,3,3.2,2.35,2.95,3.25,2.4,3.15,2.9,2.3,2.9,3.2,2.41,3.22,3.34,2.4,3,3,2.38,3.1,3.3,40,2.43,2.36,3.22,3.03,3.34,3.16,33,2.57,2.44,1.56,1.52,19,-0.25,2.05,2,1.91,1.85,2.11,3.29,4.06
P1,13/08/17,Pacos Ferreira,Aves,2,2,D,0,2,A,1.91,3.3,4.2,1.91,3.1,4.4,1.9,3.35,3.9,2,3.1,3.8,2.05,3.32,4.23,1.91,3.1,4.2,2,3.25,4.1,40,2.05,1.97,3.35,3.19,4.4,4,35,2.42,2.33,1.61,1.56,17,-0.5,2.05,1.99,1.91,1.86,2.37,3.23,3.4
P1,13/08/17,Sp Braga,Portimonense,2,1,H,1,1,D,1.53,4,6,1.5,4,6.5,1.55,3.7,6,1.53,3.8,6,1.55,4.34,6.79,1.53,3.8,6,1.55,4,6.5,39,1.56,1.53,4.34,3.93,6.79,6.24,38,1.98,1.88,1.99,1.88,18,-1,2,1.94,1.94,1.9,1.52,4.19,7.9
P1,13/08/17,Tondela,Porto,0,1,A,0,1,A,11,5,1.29,8.75,5.25,1.3,9,5,1.3,11,5,1.28,12.78,5.86,1.29,10,5,1.29,12,5.25,1.29,39,13,10.67,5.86,5.16,1.3,1.28,37,1.78,1.72,2.2,2.07,18,1.5,2.02,1.97,1.91,1.88,14.03,5.64,1.29
P1,14/08/17,Chaves,Benfica,0,1,A,0,0,D,7,4.75,1.4,7.75,4.75,1.36,7.5,4.3,1.4,7.5,4.33,1.33,8.36,4.88,1.43,8,4.33,1.4,8,4.75,1.4,37,8.79,7.61,4.88,4.54,1.43,1.39,34,1.8,1.75,2.13,2.02,16,1.25,1.97,1.9,1.99,1.93,7.86,4.86,1.45
P1,14/08/17,Estoril,Guimaraes,3,0,H,1,0,H,3.2,3.2,2.3,3.1,3.1,2.35,3.1,3.1,2.3,3.1,3,2.3,3.33,3.32,2.36,3.1,3.1,2.3,3.2,3.2,2.38,37,3.33,3.1,3.32,3.13,2.43,2.34,32,2.31,2.21,1.66,1.62,17,0.25,1.9,1.84,2.08,2.01,3.16,3.21,2.52
P1,18/08/17,Rio Ave,Portimonense,2,0,H,0,0,D,1.7,3.6,5,1.67,3.5,5.25,1.7,3.5,4.85,1.7,3.4,5.25,1.68,3.75,6.04,1.7,3.4,5,1.67,3.6,5.75,34,1.7,1.67,3.75,3.56,6.04,5.27,31,2.21,2.12,1.76,1.7,13,-0.75,1.91,1.87,2.02,1.98,1.82,3.58,5.13
P1,19/08/17,Benfica,Belenenses,5,0,H,3,0,H,1.2,6.25,15,1.18,6.75,13.5,1.2,5.8,13,1.18,6,15,1.25,6.9,12.8,1.2,6,12,1.2,6.5,13,34,1.25,1.19,7.5,6.27,17,14,27,1.53,1.47,2.63,2.54,14,-2,2.02,1.94,1.96,1.9,1.21,7.3,16.2
P1,19/08/17,Guimaraes,Sp Lisbon,0,5,A,0,3,A,4.75,3.6,1.75,5,3.6,1.7,4.1,3.4,1.85,4.6,3.5,1.73,5.39,3.93,1.71,4.5,3.5,1.75,5.2,3.75,1.7,35,5.39,4.82,3.93,3.57,1.85,1.72,34,2.03,1.94,1.91,1.84,14,0.75,1.98,1.93,1.98,1.92,6.01,4.28,1.6
P1,19/08/17,Tondela,Estoril,2,3,A,0,2,A,2.25,3.25,3.2,2.3,3.1,3.25,2.1,3.15,3.45,2.35,3,3.1,2.42,3.31,3.23,2.25,3.1,3.2,2.4,3.2,3.13,35,2.42,2.33,3.31,3.12,3.45,3.14,30,2.35,2.28,1.67,1.59,14,-0.25,2.11,2.04,1.85,1.82,2.31,3.3,3.44
P1,20/08/17,Aves,Sp Braga,0,2,A,0,0,D,3.1,3.25,2.3,3.2,3.1,2.3,3.1,3.1,2.3,3.1,3,2.35,3.22,3.28,2.45,3.1,3.1,2.3,3.13,3.25,2.38,34,3.4,3.06,3.3,3.13,2.45,2.34,29,2.33,2.23,1.65,1.61,13,0.25,1.86,1.82,2.09,2.04,2.93,3.29,2.64
P1,20/08/17,Maritimo,Boavista,1,0,H,0,0,D,2.15,3.1,3.6,2.05,3.2,3.75,2.1,3.15,3.45,2.15,2.9,3.5,2.28,3.23,3.61,2.2,3,3.4,2.2,3.1,3.6,34,2.28,2.19,3.3,3.06,3.75,3.46,29,2.62,2.47,1.56,1.51,13,-0.25,1.92,1.89,2.01,1.96,2.35,3.02,3.72
P1,20/08/17,Porto,Moreirense,3,0,H,2,0,H,1.14,7.5,17,1.15,7.25,17,1.17,6.5,14,1.14,6.5,23,1.18,8.16,18.91,1.18,6,15,1.14,7.5,26,33,1.18,1.15,8.75,6.82,26,18.22,28,1.54,1.51,2.56,2.45,11,-2,1.85,1.8,2.12,2.06,1.14,9.74,23.1
P1,20/08/17,Setubal,Chaves,1,1,D,0,0,D,2.6,3,2.9,2.55,2.95,2.95,2.5,3.1,2.8,2.55,2.9,2.8,2.73,3.22,2.87,2.5,3,2.88,2.7,3,2.9,34,2.73,2.58,3.22,3.01,3,2.82,29,2.5,2.41,1.58,1.53,13,0,1.88,1.85,2.05,2.01,2.32,3.39,3.34
P1,21/08/17,Feirense,Pacos Ferreira,2,1,H,1,1,D,2.5,3.1,2.9,2.35,3.1,3.1,2.5,3.1,2.8,2.5,3,2.87,2.6,3.2,3.05,2.5,3,2.88,2.6,3.1,2.9,34,2.6,2.49,3.2,3.05,3.4,2.9,29,2.5,2.36,1.6,1.55,12,0,1.84,1.8,2.09,2.04,3.26,3.17,2.49
P1,25/08/17,Belenenses,Setubal,1,1,D,1,0,H,2.4,3,3.2,2.3,2.95,3.4,2.2,3.1,3.3,2.4,2.87,3.1,2.5,3.06,3.35,2.3,2.9,3.3,2.45,3,3.25,35,2.5,2.36,3.2,3,3.44,3.22,30,2.72,2.56,1.51,1.48,14,-0.25,2.11,2.06,1.85,1.82,2.33,3.07,3.7
P1,26/08/17,Chaves,Feirense,0,2,A,0,1,A,1.91,3.3,4.2,1.9,3.1,4.5,1.85,3.15,4.5,1.87,3.1,4.25,1.92,3.42,4.75,1.85,3.2,4.4,1.9,3.3,4.6,34,1.95,1.88,3.42,3.25,4.75,4.38,29,2.5,2.38,1.61,1.55,13,-0.5,1.93,1.9,2.02,1.98,2.24,3.23,3.71
P1,26/08/17,Moreirense,Tondela,0,3,A,0,1,A,2.1,3,4,2.1,3,3.9,2,3.2,3.75,2.15,3,3.4,2.25,3.19,3.74,2.05,3.1,3.75,2.2,3.13,3.6,33,2.35,2.15,3.2,3.1,4,3.57,28,2.4,2.32,1.63,1.57,11,-0.5,2.25,2.18,1.76,1.73,2.11,3.26,4.1
P1,26/08/17,Pacos Ferreira,Guimaraes,0,0,D,0,0,D,2.6,2.88,3,2.45,3.2,2.85,2.5,3.1,2.8,2.5,3.1,2.75,2.63,3.31,2.92,2.5,3.2,2.7,2.6,3.2,2.8,34,2.65,2.54,3.31,3.15,3,2.8,33,2.14,2.05,1.82,1.75,13,0,1.87,1.84,2.08,2.02,2.64,3.28,2.93
P1,26/08/17,Rio Ave,Benfica,1,1,D,0,0,D,6.5,4,1.53,6.5,4,1.5,5.6,3.6,1.6,6,3.75,1.53,6.85,4.14,1.57,5.5,3.6,1.62,6.5,4,1.55,35,6.85,6.05,4.14,3.86,1.63,1.55,34,2.07,1.98,1.87,1.8,15,1,1.91,1.86,2.03,1.99,6.19,4.33,1.58
P1,27/08/17,Boavista,Aves,1,0,H,0,0,D,2.25,3,3.5,2.1,3.1,3.7,2.2,3,3.4,2.25,2.87,3.4,2.31,3.06,3.76,2.2,2.9,3.6,2.25,3,3.7,34,2.31,2.23,3.1,2.98,3.76,3.5,30,2.84,2.66,1.48,1.44,12,-0.5,2.32,2.25,1.73,1.68,2.64,3.1,3.09
P1,27/08/17,Sp Braga,Porto,0,1,A,0,1,A,8.5,4.2,1.4,7.75,4.1,1.44,6,3.7,1.55,7,4,1.44,7.95,4.4,1.49,7.5,4,1.44,8,4.3,1.44,34,8.5,7.27,4.4,4.12,1.55,1.45,33,2.04,1.95,1.92,1.83,14,1,2.14,2.08,1.83,1.79,7.82,4.54,1.48
P1,27/08/17,Sp Lisbon,Estoril,2,1,H,2,0,H,1.14,8,15,1.18,6.5,14.5,1.2,5.8,13,1.17,6.5,17,1.2,7.5,17.5,1.18,6,15,1.17,7.5,17,33,1.21,1.17,8,6.66,19.05,15.36,29,1.53,1.48,2.7,2.55,14,-2,1.99,1.93,1.97,1.93,1.15,9,21
P1,28/08/17,Portimonense,Maritimo,1,2,A,0,0,D,2.2,2.9,3.75,2.25,3.1,3.3,2.2,3,3.4,2.2,3,3.3,2.26,3.23,3.66,2.2,3.1,3.3,2.25,3.1,3.5,31,2.3,2.23,3.23,3.06,3.75,3.36,27,2.47,2.37,1.58,1.55,11,-0.25,1.98,1.93,1.98,1.94,1.98,3.31,4.58
P1,08/09/17,Benfica,Portimonense,2,1,H,0,0,D,1.14,7.5,17,1.17,7,13.5,1.2,5.8,13,1.17,7,15,1.17,8.8,17.2,1.17,6.5,15,1.14,8,19,34,1.2,1.15,8.98,7.51,21,16.11,25,1.48,1.42,2.9,2.75,14,-2,1.84,1.77,2.23,2.11,1.14,9.98,22.39
P1,08/09/17,Feirense,Sp Lisbon,2,3,A,0,0,D,9.5,4.5,1.36,8.75,4.5,1.36,7.5,4.3,1.4,8.5,4.4,1.36,9.76,5.07,1.38,7.5,4.33,1.4,8.5,4.6,1.4,33,9.76,8.39,5.07,4.56,1.42,1.38,31,1.91,1.78,2.13,2.03,13,1.25,2.04,1.98,1.93,1.89,10.2,4.9,1.38
P1,09/09/17,Maritimo,Rio Ave,1,0,H,0,0,D,2.88,3,2.63,2.75,3.1,2.6,2.6,3.2,2.6,2.7,3,2.65,2.86,3.16,2.77,2.75,3,2.6,2.75,3.13,2.75,34,2.88,2.73,3.2,3.04,2.82,2.65,28,2.43,2.34,1.6,1.56,13,0,2,1.94,1.96,1.91,2.73,3.05,3.03
P1,09/09/17,Porto,Chaves,3,0,H,0,0,D,1.14,7.5,19,1.14,7.5,17.5,1.17,6.5,14,1.14,7,23,1.18,8.02,18.56,1.15,7,15,1.14,7.5,23,34,1.18,1.15,8.25,7.32,23.8,17.25,28,1.56,1.53,2.51,2.43,13,-2,1.86,1.82,2.12,2.05,1.14,9.35,24.12
P1,09/09/17,Tondela,Pacos Ferreira,2,2,D,1,0,H,2.4,3.1,3.1,2.45,3.1,2.95,2.6,3.2,2.6,2.35,3,3,2.48,3.22,3.21,2.5,3,2.88,2.45,3.13,3.1,34,2.6,2.41,3.22,3.08,3.21,2.99,28,2.5,2.35,1.61,1.56,12,-0.25,2.13,2.09,1.83,1.79,2.29,3.31,3.49
P1,10/09/17,Estoril,Moreirense,0,2,A,0,1,A,1.95,3.1,4.33,1.95,3.2,4.1,2,3.2,3.75,1.95,3.1,3.9,1.95,3.44,4.51,2,3.2,3.75,1.93,3.3,4.33,32,2,1.94,3.44,3.24,4.51,4.05,27,2.4,2.31,1.64,1.58,12,-0.5,1.99,1.95,1.97,1.92,1.97,3.46,4.38
P1,10/09/17,Guimaraes,Boavista,1,0,H,0,0,D,1.95,3.4,3.8,1.95,3.25,4,2,3.2,3.75,1.95,3.1,3.9,2,3.39,4.34,2,3.2,3.75,1.95,3.3,4.2,33,2.05,1.97,3.4,3.24,4.34,3.9,28,2.32,2.26,1.66,1.61,13,-0.5,2.02,1.98,1.93,1.89,1.92,3.38,4.81
P1,10/09/17,Setubal,Sp Braga,2,0,H,2,0,H,3.1,3,2.45,2.95,3,2.5,2.9,3.15,2.4,3,3,2.37,3.24,3.23,2.46,3,3,2.4,3.13,3.1,2.45,33,3.24,3.01,3.23,3.06,2.57,2.42,28,2.4,2.33,1.63,1.57,12,0.25,1.85,1.8,2.14,2.08,3.24,3.27,2.44
P1,11/09/17,Aves,Belenenses,2,1,H,1,1,D,2.15,3.2,3.5,2.15,3.1,3.5,2.2,3.1,3.3,2.15,3,3.4,2.26,3.18,3.75,2.15,3.1,3.4,2.2,3.13,3.6,32,2.3,2.18,3.2,3.1,3.75,3.45,27,2.52,2.4,1.57,1.54,12,-0.25,1.93,1.89,2.02,1.98,2.37,3.21,3.43
P1,15/09/17,Pacos Ferreira,Setubal,1,0,H,0,0,D,2.3,3,3.4,2.25,2.95,3.5,2.2,3.1,3.3,2.25,3,3.3,2.4,2.97,3.66,2.38,2.75,3.4,2.38,2.9,3.5,37,2.43,2.31,3.1,2.93,3.66,3.39,31,3.18,2.91,1.48,1.38,15,-0.5,2.43,2.33,1.66,1.63,2.55,3.01,3.32
P1,16/09/17,Boavista,Benfica,2,1,H,0,1,A,7.5,4.5,1.4,7,4.2,1.45,6.3,3.9,1.5,8,4.2,1.4,8.31,4.54,1.46,6,4,1.5,8,4.5,1.44,35,8.31,7.34,4.65,4.25,1.5,1.43,34,1.98,1.88,1.95,1.89,13,1.25,1.88,1.84,2.07,2.02,8.95,4.42,1.45
P1,16/09/17,Maritimo,Aves,2,1,H,2,0,H,2.1,3.2,3.6,2.1,3.1,3.7,2.1,3.15,3.45,2.15,3,3.5,2.2,3.26,3.78,2.15,3.1,3.4,2.15,3.2,3.7,35,2.2,2.12,3.26,3.14,3.9,3.55,30,2.42,2.3,1.62,1.58,13,-0.5,2.19,2.14,1.77,1.74,2.06,3.21,4.39
P1,16/09/17,Sp Lisbon,Tondela,2,0,H,1,0,H,1.14,7.5,17,1.14,7.5,17.5,1.15,7,15,1.15,7,19,1.17,8.7,19,1.17,6.5,15,1.17,7.5,18,35,1.2,1.15,8.85,7.36,20,15.72,27,1.46,1.41,3,2.76,14,-2,1.89,1.84,2.06,2.01,1.2,7.5,16.5
P1,17/09/17,Belenenses,Estoril,2,1,H,0,0,D,2.3,3.1,3.3,2.2,3.1,3.4,2.2,3.1,3.3,2.25,3,3.2,2.32,3.3,3.44,2.25,3.1,3.2,2.38,3.13,3.25,35,2.45,2.28,3.3,3.1,3.44,3.24,30,2.35,2.27,1.66,1.59,13,-0.25,2.09,2.01,1.91,1.85,2.47,3.32,3.14
P1,17/09/17,Rio Ave,Porto,1,2,A,0,0,D,9,4.5,1.36,9,4.5,1.36,7.5,4.3,1.4,,,,8.9,4.72,1.43,8.5,4.4,1.36,9,4.5,1.4,33,9,8.13,4.9,4.45,1.43,1.39,32,2.01,1.9,1.95,1.87,13,1.25,1.92,1.86,2.08,1.99,9.48,4.35,1.45
P1,17/09/17,Sp Braga,Guimaraes,2,1,H,2,1,H,1.95,3.2,4.2,1.91,3.4,4,2,3.2,3.75,1.95,3.25,3.6,2.09,3.48,3.88,2,3.4,3.5,2.05,3.4,3.8,35,2.09,1.99,3.48,3.32,4.2,3.72,34,2.04,1.95,1.89,1.82,14,-0.5,2.08,2.02,1.89,1.84,1.83,3.79,4.67
P1,18/09/17,Chaves,Moreirense,3,0,H,1,0,H,2.15,3,3.8,2.2,3.2,3.3,2.2,3.1,3.3,2.1,3,3.5,2.14,3.32,3.89,2.05,3.2,3.6,2.1,3.2,3.8,34,2.2,2.11,3.32,3.16,3.89,3.56,29,2.35,2.27,1.65,1.6,13,-0.25,1.83,1.8,2.12,2.06,2.25,3.19,3.73
P1,18/09/17,Portimonense,Feirense,2,1,H,2,1,H,2.15,3.1,3.6,2.2,3.1,3.4,2.2,3.1,3.3,2.2,3,3.25,2.28,3.27,3.57,2.2,3.1,3.3,2.2,3.2,3.5,35,2.28,2.2,3.29,3.15,3.7,3.33,31,2.28,2.19,1.71,1.64,12,-0.25,1.93,1.89,2.02,1.96,1.95,3.5,4.39
P1,22/09/17,Porto,Portimonense,5,2,H,3,1,H,1.14,8,15,1.11,8.25,19.5,1.15,7,15,1.12,8.5,26,1.14,9.65,23,1.12,7,17,1.11,8.5,29,38,1.16,1.12,9.65,8.02,29,20.99,30,1.5,1.42,2.9,2.72,17,-2.5,2.22,2.11,1.81,1.75,1.11,11.25,27
P1,23/09/17,Benfica,Pacos Ferreira,2,0,H,1,0,H,1.17,7.5,15,1.17,6.75,15.5,1.17,6.5,14,1.17,6.5,17,1.2,7.48,16.57,1.18,6,13,1.17,7.5,17,37,1.21,1.17,7.65,6.74,21,15.32,30,1.53,1.46,2.75,2.6,17,-2,1.93,1.88,2.01,1.96,1.15,9.2,22
P1,23/09/17,Estoril,Chaves,0,2,A,0,1,A,2.05,3.2,3.8,2,3.2,3.9,2,3.2,3.75,2.1,3.1,3.5,2.13,3.46,3.76,2,3.2,3.6,2.15,3.3,3.6,37,2.19,2.07,3.46,3.25,3.9,3.56,34,2.25,2.1,1.81,1.7,15,-0.5,2.14,2.08,1.83,1.78,2.37,3.39,3.25
P1,23/09/17,Moreirense,Sp Lisbon,1,1,D,1,0,H,8,4.5,1.4,7.5,4.4,1.4,7.5,4.3,1.4,8,4.2,1.4,9.25,4.5,1.44,7,4,1.44,9,4.5,1.4,35,9.5,8.08,4.6,4.35,1.44,1.4,35,1.94,1.84,2.02,1.93,14,1.25,1.95,1.91,1.99,1.94,13.87,5.29,1.31
P1,24/09/17,Aves,Rio Ave,0,0,D,0,0,D,2.8,3,2.7,2.8,3.25,2.45,2.8,3.1,2.5,2.7,3,2.62,2.9,3.12,2.79,2.8,3,2.5,2.8,3.1,2.7,37,3,2.78,3.25,3.07,2.79,2.58,33,2.49,2.35,1.61,1.56,15,0,2.02,1.98,1.92,1.88,2.76,3.14,2.91
P1,24/09/17,Feirense,Belenenses,1,4,A,0,3,A,2.38,3,3.25,2.35,3.1,3.1,2.3,3.1,3.1,2.35,3,3,2.44,3.22,3.27,2.3,3.1,3,2.45,3.13,3.13,37,2.45,2.36,3.22,3.09,3.4,3.05,33,2.38,2.29,1.66,1.58,15,-0.25,2.11,2.05,1.85,1.81,2.55,3.24,3.09
P1,24/09/17,Guimaraes,Maritimo,2,1,H,1,1,D,2,3.1,4.2,1.91,3.3,4.1,2,3.2,3.75,2,3.1,3.75,2.05,3.34,4.2,2,3.1,3.75,2,3.3,4,37,2.15,1.99,3.34,3.21,4.2,3.87,33,2.38,2.25,1.67,1.61,16,-0.5,2.05,2.01,1.88,1.84,1.98,3.36,4.47
P1,24/09/17,Tondela,Sp Braga,1,2,A,1,1,D,3.2,3.2,2.25,3,3.2,2.35,3.1,3.1,2.3,3.2,3.1,2.25,3.45,3.31,2.31,3.1,3.1,2.25,3.3,3.25,2.3,37,3.45,3.16,3.31,3.17,2.42,2.28,34,2.28,2.17,1.72,1.65,15,0.25,1.95,1.9,2.04,1.96,3.72,3.45,2.15
P1,25/09/17,Setubal,Boavista,1,1,D,0,0,D,2.15,3,3.75,2.15,3.1,3.6,2.2,3.1,3.3,2.2,2.8,3.6,2.24,3.02,4.03,2.2,2.8,3.6,2.15,3,3.9,37,2.24,2.18,3.1,2.94,4.1,3.66,33,3.19,2.91,1.42,1.38,15,-0.25,1.89,1.85,2.05,2,2.18,2.98,4.31
P1,29/09/17,Chaves,Tondela,1,1,D,1,1,D,1.75,3.4,5,1.8,3.4,4.6,2,3.2,3.75,1.8,3.3,4.5,1.81,3.65,5.04,1.85,3.2,4.2,1.8,3.6,4.75,37,2,1.79,3.65,3.43,5.04,4.51,32,2.2,2.11,1.79,1.69,16,-0.5,1.81,1.78,2.13,2.08,2.06,3.44,4.02
P1,30/09/17,Boavista,Feirense,1,0,H,1,0,H,2,3.1,4.2,2,3.1,4,2,3.2,3.75,2,3,4,2.05,3.22,4.4,2,2.9,4,2,3.13,4.33,38,2.1,2,3.22,3.08,4.4,4.01,33,2.7,2.57,1.5,1.47,16,-0.5,2.08,2.01,1.91,1.85,2.16,3.14,4.1
P1,30/09/17,Pacos Ferreira,Moreirense,3,2,H,2,1,H,2.05,3.1,4,2,3.2,3.9,2,3.2,3.75,2.1,3,3.6,2.14,3.19,4.08,2,3.1,3.8,2.1,3.2,3.75,36,2.14,2.05,3.2,3.11,4.08,3.78,31,2.63,2.45,1.56,1.51,14,-0.5,2.15,2.08,1.83,1.77,2.41,3.17,3.4
P1,30/09/17,Portimonense,Aves,2,2,D,1,1,D,2.15,3.1,3.6,2.2,3,3.6,2.2,3.1,3.3,2.2,3,3.4,2.25,3.34,3.55,2.05,3.1,3.6,2.2,3.2,3.5,37,2.25,2.17,3.34,3.13,3.6,3.42,32,2.4,2.3,1.64,1.58,15,-0.5,2.24,2.18,1.76,1.71,2.02,3.47,4.12
P1,30/09/17,Rio Ave,Setubal,2,1,H,0,0,D,1.91,3.25,4.33,1.8,3.3,4.75,2,3.2,3.75,1.95,3,4.2,1.95,3.32,4.73,1.95,3.1,4,1.95,3.25,4.4,36,2,1.92,3.32,3.18,4.75,4.26,31,2.63,2.48,1.55,1.5,15,-0.5,1.99,1.94,1.95,1.91,1.9,3.34,5
P1,01/10/17,Belenenses,Guimaraes,1,0,H,1,0,H,2.38,3.1,3.1,2.45,3.2,2.85,2.5,3.1,2.8,2.37,3.1,2.9,2.5,3.31,3.1,2.38,3.1,2.88,2.4,3.3,3,37,2.5,2.41,3.31,3.14,3.1,2.95,34,2.23,2.09,1.77,1.7,15,-0.25,2.13,2.07,1.86,1.79,2.17,3.47,3.62
P1,01/10/17,Maritimo,Benfica,1,1,D,0,1,A,8,4,1.45,6.75,3.9,1.5,7,4,1.45,7,3.9,1.5,7.41,4.39,1.51,7,4,1.44,7,4.1,1.5,37,8,7.02,4.39,3.99,1.51,1.48,36,2.06,1.96,1.91,1.82,16,1,2.05,1.99,1.94,1.85,8.9,4.65,1.43
P1,01/10/17,Sp Braga,Estoril,6,0,H,2,0,H,1.57,3.8,6,1.57,3.7,6.25,1.55,3.7,6,1.6,3.75,5.75,1.64,3.82,6.54,1.62,3.25,6,1.57,4,6.25,37,1.64,1.57,4,3.77,6.54,5.9,36,2,1.93,1.93,1.84,17,-1,2.09,2.01,1.89,1.83,1.55,4.17,7.11
P1,01/10/17,Sp Lisbon,Porto,0,0,D,0,0,D,2.45,3.2,2.9,2.4,3.4,2.8,2.5,3.1,2.8,2.5,3,2.75,2.64,3.3,2.92,2.5,3,2.8,2.55,3.2,2.88,36,2.64,2.5,3.4,3.12,3,2.83,32,2.33,2.16,1.72,1.66,16,0,1.88,1.82,2.07,2.01,2.73,3.36,2.77
P1,20/10/17,Estoril,Boavista,0,3,A,0,2,A,2.2,3,3.6,2.25,3,3.4,2.3,3.1,3.1,2.4,2.9,3,2.37,3.18,3.49,2.25,2.9,3.3,2.3,3,3.5,36,2.5,2.29,3.18,2.98,3.8,3.37,30,2.63,2.5,1.54,1.49,18,-0.25,2,1.95,1.95,1.91,2.38,3.11,3.53
P1,21/10/17,Feirense,Rio Ave,1,0,H,1,0,H,2.89,3,2.6,2.7,3.1,2.65,2.7,3,2.7,2.75,3,2.55,3.02,3.1,2.71,2.7,2.9,2.7,2.88,3.13,2.63,34,3.02,2.8,3.15,3,2.71,2.61,29,2.42,2.34,1.61,1.56,18,0,2.06,1.99,1.89,1.85,3.52,3.35,2.26
P1,21/10/17,Porto,Pacos Ferreira,6,1,H,4,1,H,1.12,8.5,23,1.11,8,23,1.12,8,16,1.11,8.5,34,,,,1.1,7.5,21,1.13,8.5,23,33,1.14,1.11,8.79,7.85,34,22.15,29,1.52,1.47,2.7,2.56,16,-2.5,2.16,2.08,1.81,1.76,1.11,11,30
P1,21/10/17,Setubal,Maritimo,3,1,H,0,1,A,2.37,3,3.25,2.3,2.9,3.4,2.5,3,2.9,2.37,2.87,3.1,2.47,3.08,3.37,2.3,3,3.1,2.4,3,3.3,34,2.5,2.37,3.08,2.96,3.4,3.17,29,2.72,2.6,1.5,1.46,16,0,1.75,1.69,2.3,2.19,2.1,3.09,4.41
P1,22/10/17,Aves,Benfica,1,3,A,0,1,A,8,4.75,1.36,9.75,5,1.3,7.5,4.3,1.4,9,4.5,1.33,8.98,5.13,1.39,8.5,4.5,1.33,10,5,1.33,34,10.5,8.68,5.13,4.7,1.4,1.34,32,1.83,1.77,2.13,2,17,1.5,1.81,1.76,2.14,2.08,8.38,4.67,1.44
P1,22/10/17,Sp Lisbon,Chaves,5,1,H,3,0,H,1.19,6.5,13,1.18,6.5,15,1.2,5.8,13,1.22,5.8,13,1.2,7.43,17.22,1.2,6,11,1.2,6.5,15,33,1.22,1.2,7.43,6.15,17.22,13.31,28,1.61,1.54,2.5,2.38,17,-2,2.28,2.15,1.8,1.72,1.22,7.02,16.66
P1,22/10/17,Tondela,Belenenses,2,0,H,0,0,D,2.45,3,3.1,2.5,3.2,2.8,2.5,3.1,2.8,2.4,3,2.9,2.6,3.2,3.05,2.45,3,2.88,2.45,3.25,3,34,2.6,2.45,3.25,3.08,3.1,2.93,29,2.32,2.21,1.66,1.62,16,0,1.79,1.75,2.17,2.09,2.21,3.28,3.73
P1,23/10/17,Guimaraes,Portimonense,3,3,D,1,3,A,1.83,3.39,4.5,1.83,3.5,4.25,1.8,3.4,4.35,1.83,3.4,4,1.87,3.61,4.69,1.8,3.5,4,1.85,3.5,4.5,34,1.88,1.83,3.61,3.44,4.69,4.2,33,2,1.92,1.94,1.85,16,-0.5,1.89,1.84,2.07,2,1.91,3.73,4.3
P1,23/10/17,Moreirense,Sp Braga,0,1,A,0,0,D,3.75,3.2,2.04,4,3.3,1.95,3.45,3.15,2.1,3.8,3.1,1.95,4.22,3.23,2.09,4,3,1.95,3.8,3.25,2.1,32,4.22,3.8,3.4,3.16,2.1,2.01,29,2.3,2.2,1.69,1.63,15,0.5,1.83,1.79,2.13,2.05,4.19,3.43,2.02
P1,27/10/17,Benfica,Feirense,1,0,H,1,0,H,1.14,8.5,13,1.14,7.75,16,1.15,7,15,1.14,7.5,21,1.15,9.27,20.05,1.12,7,17,1.13,8.5,20,35,1.15,1.13,9.55,7.81,23,17.67,26,1.48,1.41,3,2.77,18,-2,1.79,1.74,2.2,2.12,1.14,9.7,21
P1,27/10/17,Rio Ave,Sp Lisbon,0,1,A,0,0,D,7.5,3.6,1.53,5.75,4,1.55,5.6,3.6,1.6,6.5,3.75,1.5,7.24,4.28,1.53,6.5,3.75,1.5,7,4,1.53,34,7.5,6.61,4.28,3.91,1.6,1.52,32,2.16,2.05,1.81,1.74,19,1,1.98,1.92,1.98,1.92,7.99,3.94,1.55
P1,28/10/17,Belenenses,Moreirense,3,0,H,1,0,H,2.1,3,4,2.15,3.1,3.5,2.1,3.15,3.45,2.15,3,3.4,2.23,3.12,3.91,2.2,3,3.3,2.15,3.2,3.7,33,2.23,2.14,3.2,3.08,4,3.56,28,2.5,2.34,1.62,1.56,15,-0.5,2.2,2.13,1.79,1.73,2.06,3.26,4.29
P1,28/10/17,Boavista,Porto,0,3,A,0,0,D,9,4.5,1.36,8,4.75,1.36,8,4.6,1.35,9.5,4.2,1.36,10.42,4.8,1.39,8,4,1.4,10,4.6,1.36,34,10.42,8.98,5,4.41,1.4,1.36,32,2.15,2.04,1.82,1.74,16,1.25,1.98,1.93,1.96,1.92,13.05,5.28,1.32
P1,28/10/17,Maritimo,Tondela,2,0,H,1,0,H,1.95,3.2,4.2,1.95,3.25,4,2,3.2,3.75,1.95,3.1,3.9,2.01,3.28,4.47,1.85,3.2,4.2,2,3.25,4.2,34,2.02,1.96,3.3,3.17,4.47,4.04,29,2.45,2.35,1.61,1.56,17,-0.5,2.03,1.98,1.91,1.87,2.16,3.32,3.85
P1,29/10/17,Aves,Guimaraes,1,3,A,1,2,A,2.45,3,3.1,2.4,3.1,3,2.4,3.15,2.9,2.45,3.1,2.8,2.61,3.22,3.03,2.45,3,2.88,2.5,3.25,2.9,34,2.61,2.46,3.25,3.1,3.1,2.89,32,2.25,2.13,1.75,1.68,16,0,1.84,1.78,2.16,2.08,2.79,3.47,2.65
P1,29/10/17,Pacos Ferreira,Estoril,1,0,H,1,0,H,2.04,3.1,4,2,3.3,3.7,2.1,3.15,3.45,2.15,3.1,3.4,2.19,3.31,3.75,2.1,3.1,3.4,2.15,3.25,3.6,34,2.2,2.1,3.31,3.17,4,3.54,30,2.28,2.17,1.72,1.65,16,-0.5,2.21,2.11,1.8,1.74,2.39,3.28,3.32
P1,29/10/17,Sp Braga,Chaves,1,0,H,0,0,D,1.53,4,6,1.5,4.2,6,1.55,3.7,6,1.5,3.9,6,1.53,4.35,7.13,1.55,3.8,5.5,1.53,4.2,6.5,34,1.55,1.52,4.35,3.95,7.13,6.14,33,1.93,1.84,2,1.93,18,-1,1.98,1.92,1.99,1.92,1.5,4.48,7.52
P1,30/10/17,Portimonense,Setubal,5,2,H,3,1,H,2.14,3.1,3.6,2.1,3.25,3.5,2.2,3.1,3.3,2.2,3,3.3,2.26,3.25,3.64,2.15,3.1,3.3,2.25,3.25,3.4,34,2.26,2.19,3.25,3.12,3.64,3.38,29,2.32,2.22,1.66,1.62,16,-0.25,1.98,1.91,1.99,1.93,2.19,3.34,3.71
P1,03/11/17,Setubal,Aves,0,1,A,0,0,D,2.1,3.2,3.6,2.1,3.1,3.7,2,3.2,3.75,2.2,3,3.4,2.26,3.27,3.62,1.95,3.2,3.8,2.2,3.2,3.5,35,2.28,2.16,3.27,3.13,3.8,3.49,28,2.43,2.31,1.63,1.58,18,-0.5,2.26,2.2,1.74,1.7,2.23,3.31,3.65
P1,04/11/17,Estoril,Rio Ave,0,2,A,0,1,A,3.6,3.1,2.14,3.4,3.1,2.2,2.95,3.1,2.4,3.3,3.1,2.15,3.49,3.31,2.29,3.1,3,2.3,3.4,3.25,2.25,35,3.6,3.31,3.31,3.12,2.4,2.22,30,2.32,2.2,1.72,1.64,16,0.25,1.98,1.93,1.98,1.92,2.91,3.28,2.66
P1,04/11/17,Moreirense,Portimonense,1,1,D,1,1,D,2.39,3.1,3.1,2.4,3.25,2.9,2.5,3.1,2.8,2.35,3.2,2.9,2.44,3.53,3.01,2.38,3.2,2.8,2.45,3.4,2.9,34,2.5,2.37,3.53,3.22,3.1,2.92,32,2.15,1.96,1.93,1.81,17,0,1.78,1.72,2.22,2.13,2.47,3.3,3.16
P1,04/11/17,Porto,Belenenses,2,0,H,1,0,H,1.1,9,21,1.11,8.25,20,1.15,7,15,1.12,7.5,26,1.14,9.55,24,1.11,7.5,17,1.12,9,23,34,1.15,1.12,9.55,7.97,32.35,21.55,29,1.53,1.47,2.7,2.58,16,-2.25,2.02,1.96,2,1.89,1.18,8.09,17.61
P1,04/11/17,Tondela,Boavista,3,2,H,0,0,D,2.37,3,3.25,2.35,3,3.25,2.3,3.1,3.1,2.35,2.9,3.2,2.49,3.07,3.36,2.25,2.9,3.3,2.4,3,3.3,34,2.49,2.34,3.1,2.96,3.4,3.25,29,2.63,2.52,1.53,1.49,16,-0.25,2.09,2.03,1.86,1.82,2.44,3.13,3.38
P1,05/11/17,Chaves,Pacos Ferreira,4,2,H,1,1,D,2.04,3.1,4,2.05,3.25,3.6,2.1,3.15,3.45,2.1,3,3.5,2.14,3.33,3.9,2.15,3.1,3.3,2.1,3.25,3.7,34,2.15,2.1,3.33,3.15,4,3.58,29,2.37,2.25,1.67,1.61,17,-0.5,2.14,2.09,1.84,1.77,1.83,3.76,4.7
P1,05/11/17,Feirense,Maritimo,0,1,A,0,1,A,2.39,3,3.2,2.35,2.95,3.25,2.4,3.1,2.95,2.4,3,3,2.52,3.19,3.17,2.3,3,3.1,2.5,3.13,3,34,2.52,2.41,3.2,3.03,3.25,3.03,29,2.51,2.35,1.59,1.55,16,-0.25,2.17,2.1,1.81,1.77,2.5,3.32,3.09
P1,05/11/17,Guimaraes,Benfica,1,3,A,0,1,A,6.5,3.6,1.57,5.5,4,1.57,5.6,3.6,1.6,5.5,3.9,1.57,5.86,4.24,1.62,5,3.75,1.6,5.75,4,1.6,34,6.5,5.53,4.24,3.88,1.62,1.58,32,1.84,1.76,2.1,2.02,18,1,1.88,1.82,2.12,2.02,5.61,4.15,1.65
P1,05/11/17,Sp Lisbon,Sp Braga,2,2,D,0,0,D,1.44,4.2,7.5,1.48,4.2,6.5,1.5,3.9,6.3,1.44,4.2,7,1.49,4.58,7.34,1.44,4,6.5,1.44,4.5,7.5,34,1.5,1.45,4.58,4.2,7.5,6.86,33,1.91,1.82,2.06,1.96,16,-1.25,2.13,2.07,1.85,1.79,1.48,4.56,7.63
P1,24/11/17,Belenenses,Chaves,0,1,A,0,1,A,2.25,3.1,3.39,2.2,3.1,3.4,2.2,3.1,3.3,2.3,3,3.1,2.36,3.28,3.38,2.25,3.1,3.1,2.3,3.25,3.25,35,2.37,2.27,3.28,3.15,3.45,3.23,29,2.3,2.2,1.71,1.64,18,-0.5,2.37,2.31,1.67,1.64,2.36,3.27,3.39
P1,25/11/17,Aves,Porto,1,1,D,0,1,A,11,5,1.3,10.5,5.25,1.28,7.9,4.7,1.35,10,4.8,1.3,10.1,5.55,1.34,9,4.75,1.3,10.5,5.4,1.3,34,11,9.87,5.55,4.95,1.35,1.3,31,1.78,1.71,2.21,2.08,18,1.5,1.93,1.88,2.03,1.97,15.02,6.77,1.23
P1,25/11/17,Boavista,Moreirense,1,0,H,1,0,H,2.04,3.25,3.75,2,3.1,4,2.1,3.15,3.45,2.1,2.9,3.75,2.11,3.18,4.24,2.05,3,3.75,2.1,3.1,4,33,2.11,2.06,3.25,3.05,4.24,3.84,28,2.85,2.63,1.49,1.45,16,-0.5,2.13,2.08,1.82,1.79,2.32,3.1,3.69
P1,25/11/17,Portimonense,Tondela,2,0,H,1,0,H,1.9,3.5,3.89,1.9,3.4,4,2,3.2,3.75,1.95,3.3,3.7,1.95,3.59,4.29,1.91,3.3,3.75,1.95,3.5,4,34,2,1.93,3.59,3.39,4.29,3.88,33,2,1.93,1.95,1.83,18,-0.5,1.99,1.94,1.97,1.91,1.86,3.73,4.56
P1,26/11/17,Benfica,Setubal,6,0,H,2,0,H,1.18,7,13,1.15,7,18,1.2,5.8,13,1.18,6,17,1.22,7.22,15.25,1.18,6,13,1.18,7,17,34,1.22,1.19,7.22,6.27,19.05,14.96,28,1.62,1.59,2.4,2.28,18,-2,2.13,2.06,1.88,1.8,1.2,7.39,18.6
P1,26/11/17,Maritimo,Estoril,0,0,D,0,0,D,2,3.2,4,1.91,3.3,4.1,1.9,3.3,4,1.95,3.1,3.8,1.99,3.42,4.33,1.85,3.2,4.2,2,3.4,3.9,34,2.05,1.95,3.42,3.25,4.33,3.96,28,2.23,2.15,1.72,1.66,17,-0.5,2.05,1.99,1.93,1.87,1.81,3.68,4.96
P1,26/11/17,Pacos Ferreira,Sp Lisbon,1,2,A,0,1,A,8,4.75,1.36,8.5,4.75,1.35,7.5,4.3,1.4,9,4.4,1.33,9.02,5,1.4,8.5,4.5,1.33,10,5,1.33,34,10,8.62,5,4.62,1.4,1.35,32,1.93,1.84,2,1.93,17,1.5,1.79,1.74,2.19,2.12,11.5,4.7,1.38
P1,27/11/17,Rio Ave,Guimaraes,0,1,A,0,1,A,2,3.39,3.75,2.05,3.25,3.7,2.1,3.15,3.45,2,3.2,3.7,2.05,3.47,4.01,2.05,3.2,3.5,2,3.4,3.9,33,2.1,2.02,3.47,3.25,4.01,3.7,30,2.19,2.08,1.76,1.71,15,-0.5,2.1,2.02,1.89,1.84,2.33,3.38,3.34
P1,27/11/17,Sp Braga,Feirense,3,1,H,3,1,H,1.44,4.2,7.5,1.48,4.1,6.5,1.5,3.9,6.3,1.44,4.2,7,1.46,4.77,7.73,1.44,4.2,6.5,1.44,4.5,7.5,32,1.5,1.44,4.77,4.29,7.73,7.08,31,1.89,1.81,2.04,1.95,14,-1.25,2.12,2.04,1.88,1.82,1.39,5.12,9.13
P1,01/12/17,Porto,Benfica,0,0,D,0,0,D,1.75,3.5,4.75,1.78,3.5,4.5,1.8,3.5,4.6,1.75,3.4,4.6,1.78,3.7,5.16,1.8,3.3,4.33,1.75,3.6,5,34,1.81,1.76,3.7,3.47,5.2,4.71,29,2.16,2.06,1.81,1.73,17,-0.75,2.06,2.02,1.88,1.85,1.75,3.73,5.36
P1,01/12/17,Sp Lisbon,Belenenses,1,0,H,1,0,H,1.18,7,14,1.19,6.5,13.5,1.22,5.5,12,1.18,6,15,1.2,7.5,17.5,1.18,6,13,1.18,7,17,34,1.22,1.19,7.56,6.47,19.05,14.83,29,1.62,1.53,2.52,2.4,18,-2,2.07,2.03,1.86,1.83,1.19,7.7,18.3
P1,02/12/17,Chaves,Boavista,0,0,D,0,0,D,2.04,3,4.09,2.05,3.1,3.8,2.2,3.1,3.3,2.1,3,3.6,2.14,3.18,4.04,2.15,2.9,3.6,2.1,3.2,3.8,34,2.25,2.11,3.25,3.08,4.09,3.65,29,2.57,2.42,1.56,1.53,16,-0.5,2.25,2.1,1.82,1.76,2.38,3.08,3.57
P1,02/12/17,Moreirense,Maritimo,1,1,D,1,1,D,2.5,3,3,2.55,3.1,2.85,2.7,3,2.7,2.5,2.9,2.87,2.65,3.02,3.16,2.5,2.9,2.9,2.6,3,3,33,2.8,2.54,3.1,2.95,3.16,2.92,28,2.65,2.5,1.53,1.5,17,0,1.83,1.78,2.14,2.08,2.23,3.21,3.76
P1,02/12/17,Tondela,Rio Ave,1,3,A,0,1,A,2.89,3.25,2.39,3,3.1,2.4,2.7,3.1,2.6,2.9,3,2.45,3.07,3.29,2.53,3,3.1,2.3,3,3.25,2.45,34,3.1,2.95,3.29,3.11,2.6,2.42,26,2.31,2.25,1.66,1.61,17,0,2.17,2.1,1.8,1.76,3.35,3.34,2.34
P1,03/12/17,Feirense,Aves,0,1,A,0,0,D,2.45,3.1,3,2.55,3,2.9,2.6,3.1,2.7,2.45,3,2.87,2.62,3.17,3.06,2.6,3,2.7,2.5,3.13,3,32,2.65,2.52,3.2,3.07,3.06,2.86,25,2.35,2.26,1.66,1.6,18,0,1.84,1.79,2.14,2.07,3.01,3.23,2.61
P1,03/12/17,Setubal,Guimaraes,1,2,A,0,1,A,3.1,3.1,2.39,2.85,3.2,2.45,2.8,3.1,2.5,3,3,2.4,3.25,3.17,2.5,2.88,3,2.45,3,3.2,2.45,33,3.25,2.98,3.2,3.09,2.5,2.4,26,2.32,2.23,1.66,1.61,16,0,2.25,2.14,1.77,1.72,3.32,3.33,2.36
P1,03/12/17,Sp Braga,Pacos Ferreira,3,0,H,0,0,D,1.44,4.2,7.5,1.44,4.1,7.5,1.45,4,7,1.44,4.2,7,1.45,4.67,8.08,1.44,4.2,6.5,1.44,4.5,7.5,33,1.48,1.43,4.67,4.26,8.08,7.16,29,1.86,1.78,2.07,2.01,17,-1,1.76,1.73,2.19,2.14,1.48,4.52,7.9
P1,04/12/17,Estoril,Portimonense,0,0,D,0,0,D,2.45,3.1,3,2.55,3.2,2.75,2.6,3.1,2.7,2.45,3.25,2.7,,,,2.6,3.1,2.62,2.5,3.3,2.88,31,2.6,2.48,3.35,3.19,3,2.79,29,1.9,1.84,2.01,1.92,17,0,1.85,1.81,2.09,2.03,2.72,3.42,2.75
P1,08/12/17,Rio Ave,Moreirense,2,1,H,0,0,D,1.64,3.5,5.75,1.67,3.5,5.5,1.75,3.4,4.65,1.66,3.3,5.25,1.71,3.64,5.99,1.62,3.5,5.5,1.7,3.6,5.5,36,1.77,1.69,3.64,3.46,5.99,5.37,30,2.42,2.29,1.67,1.6,21,-1,2.45,2.32,1.67,1.62,1.88,3.44,4.96
P1,09/12/17,Aves,Tondela,0,1,A,0,0,D,1.95,3.29,4,1.85,3.4,4.2,2.1,3.15,3.45,1.9,3.2,4,1.97,3.42,4.46,1.85,3.2,4.2,1.93,3.4,4.2,36,2.1,1.93,3.45,3.27,4.46,4.07,32,2.26,2.19,1.73,1.65,20,-0.5,1.98,1.93,1.95,1.91,2.2,3.26,3.8
P1,09/12/17,Benfica,Estoril,3,1,H,2,1,H,1.12,8,21,1.11,8.75,19.5,1.12,8,16,1.13,7.5,23,1.12,10.82,24.92,1.08,8.5,21,1.13,9,21,36,1.16,1.12,10.82,8.26,26,19.69,29,1.48,1.42,3,2.77,20,-2.5,2.28,2.17,1.77,1.69,1.17,8.6,19
P1,09/12/17,Boavista,Sp Lisbon,1,3,A,0,1,A,7,4.33,1.44,8,4.1,1.42,6.3,3.9,1.5,7.5,3.9,1.44,8.07,4.42,1.48,7,4,1.44,8,4.2,1.45,36,8.41,7.45,4.42,4.07,1.5,1.45,32,2.17,2.09,1.79,1.72,22,1,2.11,2.05,1.84,1.8,7.59,3.9,1.57
P1,10/12/17,Belenenses,Pacos Ferreira,1,1,D,0,1,A,1.95,3.2,4.2,2,3.2,3.9,2,3.2,3.75,2.05,3.1,3.7,2.07,3.26,4.23,2,3.2,3.6,2,3.3,4,36,2.12,2.01,3.4,3.21,4.23,3.84,27,2.34,2.25,3.1,2.85,20,-0.5,2.07,2.01,1.67,1.61,2.2,3.26,3.79
P1,10/12/17,Portimonense,Chaves,0,1,A,0,0,D,2.04,3.39,3.5,2.05,3.4,3.5,2,3.2,3.75,2.05,3.3,3.4,2.09,3.53,3.8,2,3.3,3.5,2.1,3.5,3.5,36,2.15,2.05,3.57,3.38,3.8,3.51,32,1.94,1.86,1.99,1.91,20,-0.5,2.12,2.06,1.83,1.79,1.91,3.84,4.14
P1,10/12/17,Setubal,Porto,0,5,A,0,3,A,15,6.5,1.18,21,6.5,1.15,13,5.8,1.2,17,5.8,1.2,18.5,6.8,1.21,15,6,1.17,18,6.5,1.2,36,21,15.91,7,6.02,1.23,1.19,31,1.8,1.74,2.16,2.05,19,2,1.77,1.7,2.26,2.18,18.02,6.25,1.23
P1,11/12/17,Guimaraes,Feirense,1,0,H,0,0,D,1.61,3.6,6,1.57,3.8,5.75,1.65,3.5,5.3,1.57,3.6,5.75,1.6,3.98,6.67,1.6,3.75,5,1.6,3.8,6.25,36,1.65,1.58,4.01,3.76,6.67,5.83,30,2.13,2.01,1.85,1.76,21,-1,2.13,2.05,1.83,1.79,1.56,4.09,7.05
P1,11/12/17,Maritimo,Sp Braga,1,0,H,0,0,D,3.29,3.25,2.2,3.25,3.1,2.25,2.9,3.15,2.4,3.25,3,2.25,3.53,3.22,2.32,3.2,3,2.25,3.4,3.2,2.25,35,3.53,3.29,3.26,3.1,2.4,2.26,29,2.43,2.31,1.65,1.58,20,0.25,1.98,1.91,1.98,1.92,3.82,3.28,2.18
P1,15/12/17,Pacos Ferreira,Boavista,1,2,A,1,0,H,2.5,3,3,2.5,2.85,3.1,2.3,3.1,3.1,2.45,2.87,3,2.58,3.09,3.18,2.45,2.88,3,2.55,3,3.1,34,2.61,2.49,3.1,2.95,3.23,3.08,29,2.73,2.61,1.52,1.47,20,-0.25,2.19,2.13,1.77,1.75,2.63,2.99,3.22
P1,16/12/17,Estoril,Aves,3,2,H,1,1,D,2.25,3.1,3.39,2.3,3.1,3.25,2.4,3,3,2.25,3.1,3.1,2.41,3.21,3.36,2.25,3.1,3.1,2.3,3.2,3.25,34,2.41,2.31,3.31,3.12,3.39,3.16,30,2.22,2.14,1.75,1.68,17,-0.25,2.05,2,1.9,1.86,2.33,3.27,3.44
P1,16/12/17,Sp Braga,Belenenses,4,0,H,1,0,H,1.39,4.33,8.5,1.42,4.25,7.75,1.45,4,7,1.4,4.2,7.5,1.44,4.54,9.09,1.44,4,7,1.44,4.5,8,34,1.46,1.42,4.58,4.28,9.09,7.65,33,1.92,1.85,2.03,1.94,18,-1,1.75,1.71,2.26,2.18,1.48,4.36,8.42
P1,17/12/17,Chaves,Rio Ave,1,1,D,0,1,A,2.75,3,2.75,2.7,3,2.7,2.65,3.1,2.65,2.65,3,2.65,2.81,3.09,2.89,2.7,2.9,2.7,2.75,3.1,2.75,33,2.82,2.7,3.15,3,2.89,2.73,28,2.45,2.34,1.62,1.57,16,0,1.96,1.91,1.99,1.93,2.84,3.17,2.8
P1,17/12/17,Feirense,Setubal,1,0,H,1,0,H,2.25,3,3.5,2.35,3,3.2,2.2,3.1,3.3,2.35,2.9,3.2,2.4,3.08,3.52,2.3,3,3.1,2.38,3.1,3.25,34,2.44,2.33,3.13,2.98,3.52,3.28,29,2.71,2.56,1.55,1.48,17,-0.25,2.07,2.02,1.88,1.84,3.03,3.1,2.68
P1,17/12/17,Sp Lisbon,Portimonense,2,0,H,1,0,H,1.19,6.5,13,1.19,6.75,12.5,1.2,6,13,1.2,6,15,1.19,7.5,18.15,1.2,6,11,1.2,7,13,32,1.24,1.2,7.5,6.36,18.15,13.51,27,1.47,1.44,2.89,2.68,18,-2,2.11,2.02,1.85,1.82,1.24,6.85,13.2
P1,17/12/17,Tondela,Benfica,1,5,A,0,3,A,9.5,4.33,1.36,9.75,4.6,1.33,7.5,4.3,1.4,8,4.4,1.36,9.03,4.92,1.41,7,4.33,1.4,8,4.75,1.4,33,9.75,8.15,5,4.52,1.43,1.38,31,1.82,1.75,2.19,2.04,17,1.25,1.99,1.94,1.97,1.92,9.71,4.81,1.4
P1,18/12/17,Moreirense,Guimaraes,2,1,H,2,0,H,3,3,2.5,2.75,3.1,2.6,2.8,3.1,2.5,2.87,3,2.45,3.09,3.19,2.58,2.8,3,2.5,3,3.2,2.5,30,3.09,2.91,3.23,3.07,2.6,2.5,26,2.34,2.23,1.67,1.62,15,0,2.15,2.07,1.82,1.79,3.09,3.37,2.47
P1,18/12/17,Porto,Maritimo,3,1,H,2,1,H,1.12,8,19,1.13,7.5,20,1.2,6,13,1.12,7.5,26,1.15,8.49,28.53,1.12,7,17,1.12,8.5,26,32,1.2,1.13,8.5,7.49,29,21.59,28,1.6,1.54,2.5,2.4,17,-2.25,2.04,1.99,1.92,1.86,1.11,10.8,31
P1,23/12/17,Guimaraes,Tondela,0,1,A,0,0,D,1.55,3.75,6.5,1.6,3.6,6,1.7,3.5,4.85,1.6,3.7,5.25,1.61,4.02,6.38,1.65,3.5,5,1.62,4,5.5,34,1.7,1.61,4.05,3.79,6.5,5.58,33,2.05,1.89,1.99,1.89,19,-1,2.17,2.07,1.83,1.78,1.79,3.8,4.9
P1,03/01/18,Aves,Moreirense,1,2,A,0,2,A,2.04,3.2,3.75,2.1,3.1,3.7,2.2,3.1,3.3,2.15,3,3.5,2.25,3.21,3.72,2.05,3.1,3.6,2.15,3.2,3.7,32,2.25,2.14,3.32,3.13,3.75,3.53,26,2.39,2.31,1.65,1.58,15,-0.5,2.24,2.14,1.79,1.73,2.03,3.39,4.23
P1,03/01/18,Benfica,Sp Lisbon,1,1,D,0,1,A,2.1,3.2,3.6,2.05,3.4,3.5,2.3,3.2,3.3,2.15,3.1,3.4,2.13,3.48,3.73,2.05,3.25,3.4,2.15,3.4,3.4,32,2.3,2.13,3.48,3.26,3.73,3.41,28,2.2,2.09,1.79,1.71,16,-0.25,1.91,1.87,2.03,1.98,2.48,3.31,3.13
P1,03/01/18,Boavista,Sp Braga,1,3,A,0,1,A,3.75,3.1,2.1,3.7,3.2,2.05,3.45,3.15,2.1,3.5,3,2.15,3.87,3.18,2.21,3.4,3,2.15,3.7,3.2,2.15,32,3.87,3.57,3.31,3.12,2.23,2.13,27,2.53,2.4,1.6,1.54,16,0.25,2.07,2.02,1.87,1.84,4.4,3.25,2.13
P1,03/01/18,Feirense,Porto,1,2,A,1,1,D,17,5.75,1.19,12.5,5.75,1.22,10.3,5.5,1.25,15,5.75,1.2,,,,13,5.5,1.2,17,6.25,1.2,29,17,13.74,6.64,5.77,1.25,1.21,30,1.77,1.73,2.19,2.08,15,1.5,2.25,2.18,1.74,1.7,20,7.6,1.19
P1,03/01/18,Maritimo,Chaves,1,2,A,0,1,A,2,3.2,4,1.9,3.3,4.2,1.9,3.2,4.2,2,3.1,3.9,2.05,3.28,4.28,1.95,3.2,3.8,2,3.25,4.1,32,2.09,1.99,3.32,3.18,4.33,3.97,26,2.4,2.31,1.65,1.58,16,-0.5,2.06,2.01,1.88,1.85,2.62,3.18,3.04
P1,03/01/18,Rio Ave,Pacos Ferreira,4,2,H,1,0,H,1.8,3.39,4.75,1.67,3.6,5.25,1.7,3.5,4.85,1.73,3.3,5,1.76,3.6,5.58,1.67,3.4,5,1.73,3.6,5.2,32,1.8,1.74,3.7,3.45,5.58,4.89,27,2.28,2.17,1.73,1.66,16,-0.75,2.06,2,1.9,1.86,1.82,3.56,5.13
P1,04/01/18,Portimonense,Belenenses,0,0,D,0,0,D,2.2,3.2,3.39,2.1,3.25,3.5,2.2,3.1,3.3,2.1,3.2,3.4,2.1,3.47,3.84,2.05,3.25,3.4,2.15,3.4,3.5,30,2.2,2.09,3.51,3.28,3.84,3.47,27,2.13,2.04,1.83,1.74,14,-0.5,2.17,2.09,1.83,1.77,1.83,3.74,4.75
P1,04/01/18,Setubal,Estoril,2,2,D,0,0,D,2.29,3.1,3.29,2.25,3.1,3.3,2.2,3.1,3.3,2.3,3,3.2,2.36,3.2,3.45,2.25,3,3.2,2.38,3.13,3.2,30,2.38,2.29,3.25,3.09,3.45,3.24,25,2.41,2.3,1.65,1.58,14,-0.25,2.07,2,1.9,1.85,2.76,3.23,2.83
P1,06/01/18,Sp Braga,Rio Ave,2,1,H,1,1,D,1.8,3.5,4.5,1.78,3.5,4.5,1.75,3.4,4.65,1.75,3.4,4.5,1.79,3.7,5.09,1.8,3.3,4.33,1.8,3.6,4.6,34,1.85,1.78,3.7,3.49,5.09,4.59,32,2.17,2.04,1.83,1.76,18,-0.75,2.09,2.03,1.88,1.83,1.75,3.82,5.23
P1,07/01/18,Chaves,Aves,1,1,D,0,1,A,2,3.2,4,1.95,3.2,4.1,2,3.2,3.75,2,3.1,3.8,2,3.39,4.35,2,3.1,3.75,2,3.3,4,33,2.07,1.98,3.45,3.24,4.35,3.95,29,2.25,2.2,1.73,1.64,17,-0.5,2.03,1.98,1.92,1.88,2.11,3.46,3.83
P1,07/01/18,Moreirense,Benfica,0,2,A,0,1,A,11,5.75,1.25,10.5,5.75,1.25,10,5.2,1.27,11,5,1.28,10.45,6.03,1.31,9,5,1.29,,,,31,11,10.11,6.03,5.36,1.32,1.28,26,1.7,1.64,2.28,2.19,17,1.5,2.07,1.97,1.93,1.88,8.72,4.94,1.41
P1,07/01/18,Porto,Guimaraes,4,2,H,0,1,A,1.14,8,15,1.14,7,20,1.15,7,15,1.15,7,21,1.14,8.9,25.18,1.15,6.5,15,1.14,8,19,33,1.17,1.14,8.9,7.49,25.18,17.93,28,1.52,1.48,2.71,2.55,19,-2,1.89,1.82,2.15,2.04,1.17,8.45,18.6
P1,07/01/18,Sp Lisbon,Maritimo,5,0,H,1,0,H,1.19,6.5,13,1.18,6.5,14.5,1.2,5.8,13,1.2,6,17,1.19,7.25,21,1.18,6,13,1.18,7,17,33,1.22,1.19,7.25,6.24,21,15.36,28,1.74,1.69,2.23,2.12,18,-2,2.19,2.12,1.8,1.75,1.18,7.96,20.04
P1,08/01/18,Estoril,Feirense,0,2,A,0,1,A,2,3.25,3.89,2,3.2,3.9,2,3.2,3.75,2,3.1,3.8,2.02,3.37,4.29,2,3.1,3.75,1.95,3.4,4.1,33,2.06,1.98,3.45,3.25,4.29,3.88,28,2.28,2.2,1.7,1.64,17,-0.5,2.02,1.98,1.92,1.87,1.95,3.38,4.6
P1,08/01/18,Pacos Ferreira,Portimonense,1,1,D,0,0,D,2.5,3.1,2.89,2.35,3.25,3,2.4,3.15,2.9,2.4,3.1,2.8,2.54,3.34,3.01,2.38,3.2,2.8,2.5,3.3,2.9,33,2.54,2.43,3.43,3.22,3.01,2.87,29,2.13,2.03,1.83,1.75,16,-0.25,2.2,2.12,1.79,1.74,2.81,3.28,2.75
P1,09/01/18,Belenenses,Boavista,1,1,D,1,0,H,2.29,3,3.29,2.25,2.9,3.5,2.2,3.1,3.3,2.35,2.8,3.3,2.49,2.92,3.62,2.38,2.8,3.2,2.4,2.9,3.5,35,2.49,2.36,3.1,2.87,3.8,3.41,32,3.15,2.95,1.44,1.38,19,-0.25,2.07,2.02,1.9,1.84,2.29,2.92,4.07
P1,09/01/18,Tondela,Setubal,1,1,D,1,1,D,2.14,3.1,3.6,2.25,3.1,3.3,2.2,3.1,3.3,2.3,3,3.1,2.23,3.25,3.72,2.25,3,3.2,2.2,3.1,3.4,34,2.38,2.22,3.27,3.13,3.72,3.42,31,2.41,2.28,1.66,1.61,17,-0.5,2.38,2.27,1.74,1.66,2.36,3.22,3.43
